[
  {
    "id": "edward-jones",
    "name": "Edward Jones",
    "street": "1103 Galvin Rd S Suite C",
    "city": "Bellevue",
    "state": "NE",
    "zip": "68005"
  },
  {
    "id": "lamar-outdoor-advertising",
    "name": "Lamar Outdoor Advertising",
    "street": "1036 Bruin Blvd",
    "city": "Bellevue",
    "state": "NE",
    "zip": "68005"
  },
  {
    "id": "iheartmedia",
    "name": "iHeartMedia",
    "street": "5010 Underwood Ave",
    "city": "Omaha",
    "state": "NE",
    "zip": "68132"
  },
  {
    "id": "cs-services-heating-and-cooling-llc",
    "name": "CS Services Heating and Cooling LLC",
    "street": "706 Fort Crook Rd N",
    "city": "Bellevue",
    "state": "NE",
    "zip": "68005"
  },
  {
    "id": "west-gate-bank",
    "name": "West Gate Bank",
    "street": "1004 Cornhusker Rd",
    "city": "Bellevue",
    "state": "NE",
    "zip": "68123"
  },
  {
    "id": "athena-arms",
    "name": "Athena Arms",
    "street": "3403 Samson Way",
    "city": "Bellevue",
    "state": "NE",
    "zip": "68123"
  },
  {
    "id": "erwins-jewelers-co",
    "name": "Erwin's Jewelers Co.",
    "street": "223 W Mission Ave",
    "city": "Bellevue",
    "state": "NE",
    "zip": "68005"
  },
  {
    "id": "chick-fil-a-cornhusker",
    "name": "Chick-fil-A",
    "street": "2016 Cornhusker Rd",
    "city": "Bellevue",
    "state": "NE",
    "zip": "68123"
  },
  {
    "id": "dip-cravers-dip-n-sip",
    "name": "Dip Cravers (Dip N Sip)",
    "street": "2217 Franklin St",
    "city": "Bellevue",
    "state": "NE",
    "zip": "68005"
  },
  {
    "id": "holland-basham-architects",
    "name": "Holland Basham Architects",
    "street": "119 S 49th Ave",
    "city": "Omaha",
    "state": "NE",
    "zip": "68132"
  },
  {
    "id": "the-light-house-cafe",
    "name": "The Light House Cafe (Lighthouse Coffee)",
    "street": "119 W Mission Ave",
    "city": "Bellevue",
    "state": "NE",
    "zip": "68005"
  },
  {
    "id": "bellevue-chamber-of-commerce",
    "name": "Bellevue Chamber of Commerce",
    "street": "1036 Bruin Blvd",
    "city": "Bellevue",
    "state": "NE",
    "zip": "68005"
  },
  {
    "id": "twisted-thunder-fireworks",
    "name": "Twisted Thunder Fireworks (Twister Fireworks)",
    "street": "601 Chateau Dr",
    "city": "Bellevue",
    "state": "NE",
    "zip": "68005"
  },
  {
    "id": "royalty-roofing-and-siding",
    "name": "Royalty Roofing & Siding",
    "street": "2803 Jack Pine St",
    "city": "Bellevue",
    "state": "NE",
    "zip": "68123"
  },
  {
    "id": "dleons-taco-rico",
    "name": "D'Leon's Taco Rico",
    "street": "3512 Samson Way",
    "city": "Bellevue",
    "state": "NE",
    "zip": "68123"
  },
  {
    "id": "live-your-best-life-salon",
    "name": "Live Your Best Life Salon (Salon Life)",
    "street": "101 W Mission Ave Suite A",
    "city": "Bellevue",
    "state": "NE",
    "zip": "68005"
  },
  {
    "id": "bellevue-little-theatre",
    "name": "Bellevue Little Theatre",
    "street": "203 W Mission Ave",
    "city": "Bellevue",
    "state": "NE",
    "zip": "68005"
  },
  {
    "id": "the-landings-apartments",
    "name": "The Landings Apartments (Landing Zone)",
    "street": "10215 Cape Cod Lndg",
    "city": "Bellevue",
    "state": "NE",
    "zip": "68123"
  },
  {
    "id": "remedy-health-med-spa",
    "name": "Remedy Health (Med Spa)",
    "street": "1320 Galvin Rd S",
    "city": "Bellevue",
    "state": "NE",
    "zip": "68005"
  },
  {
    "id": "teammates-mentoring-program",
    "name": "TeamMates Mentoring Program",
    "street": "2600 Arboretum Dr",
    "city": "Bellevue",
    "state": "NE",
    "zip": "68005"
  },
  {
    "id": "first-interstate-bank",
    "name": "First Interstate Bank (First Commerce)",
    "street": "919 Galvin Rd S",
    "city": "Bellevue",
    "state": "NE",
    "zip": "68005"
  },
  {
    "id": "cornhusker-auto-wash",
    "name": "Cornhusker Auto Wash (Autumn Car Wash)",
    "street": "10205 S 25th St",
    "city": "Bellevue",
    "state": "NE",
    "zip": "68123"
  },
  {
    "id": "ame-computers",
    "name": "AME Computers (Performance Computers)",
    "street": "101 W Mission Ave STE D",
    "city": "Bellevue",
    "state": "NE",
    "zip": "68005"
  },
  {
    "id": "centris-federal-credit-union",
    "name": "Centris Federal Credit Union (Commercial Federal)",
    "street": "2207 Pratt Ave",
    "city": "Bellevue",
    "state": "NE",
    "zip": "68123"
  },
  {
    "id": "west-gate-bar-and-grill",
    "name": "West Gate Bar & Grill",
    "street": "4001 Twin Creek Dr",
    "city": "Bellevue",
    "state": "NE",
    "zip": "68123"
  },
  {
    "id": "red-barn-farm",
    "name": "Red Barn Farm",
    "street": "1720 Ave A",
    "city": "Omaha",
    "state": "NE",
    "zip": "68108"
  },
  {
    "id": "wildcat-den",
    "name": "Wildcat Den",
    "street": "1000 N 14th St",
    "city": "Blair",
    "state": "NE",
    "zip": "68008"
  },
  {
    "id": "blue-chip-realty",
    "name": "Blue Chip Realty",
    "street": "100 N 8th St",
    "city": "Lincoln",
    "state": "NE",
    "zip": "68508"
  },
  {
    "id": "ima-crown-partners",
    "name": "IMA Crown Partners",
    "street": "1100 Main St",
    "city": "Kansas City",
    "state": "MO",
    "zip": "64105"
  },
  {
    "id": "belleview-arms",
    "name": "Belleview Arms",
    "street": "505 W Mission Ave",
    "city": "Bellevue",
    "state": "NE",
    "zip": "68005"
  },
  {
    "id": "belleview-poly",
    "name": "Belleview Poly",
    "street": "1000 Industrial Rd",
    "city": "Bellevue",
    "state": "NE",
    "zip": "68005"
  },
  {
    "id": "westlawn-architects",
    "name": "Westlawn Architects",
    "street": "1200 Howard St",
    "city": "Omaha",
    "state": "NE",
    "zip": "68102"
  },
  {
    "id": "stellas-bar-and-grill",
    "name": "Stella's Bar & Grill",
    "street": "106 W Main St",
    "city": "Bellevue",
    "state": "NE",
    "zip": "68005"
  },
  {
    "id": "chase-west-gate-bank",
    "name": "Chase West Gate Bank",
    "street": "2000 Cornhusker Rd",
    "city": "Bellevue",
    "state": "NE",
    "zip": "68123"
  },
  {
    "id": "gwens-jewelers",
    "name": "Gwen's Jewelers",
    "street": "120 N 10th St",
    "city": "Omaha",
    "state": "NE",
    "zip": "68102"
  },
  {
    "id": "chicken-coop-solutions",
    "name": "Chicken Coop Solutions",
    "street": "300 E Broadway",
    "city": "Council Bluffs",
    "state": "IA",
    "zip": "51503"
  },
  {
    "id": "bps-lids",
    "name": "BPS Lids",
    "street": "200 S 24th St",
    "city": "Bellevue",
    "state": "NE",
    "zip": "68005"
  },
  {
    "id": "the-light-house-cafe-coffee",
    "name": "The Light House Cafe & Coffee",
    "street": "119 W Mission Ave",
    "city": "Bellevue",
    "state": "NE",
    "zip": "68005"
  },
  {
    "id": "fun-house-bellevue",
    "name": "Fun House Bellevue",
    "street": "200 Fun House Ln",
    "city": "Bellevue",
    "state": "NE",
    "zip": "68005"
  }
]
